open_time,open,high,low,close,close_time,volume,quote_volume,number_of_trades,taker_buy_base_volume,taker_buy_quote_volume
1772526420000,1.36080000,1.36100000,1.35960000,1.36040000,1772526479999,172016.20000000,233979.18229000,477,6854.70000000,9324.78408000
1772526480000,1.36050000,1.36110000,1.35950000,1.36000000,1772526539999,82189.90000000,111802.43695000,639,32773.80000000,44582.17886000
1772526540000,1.36010000,1.36010000,1.35890000,1.35900000,1772526599999,28487.50000000,38728.94516000,490,14653.50000000,19922.76671000
1772526600000,1.35900000,1.35930000,1.35660000,1.35810000,1772526659999,140858.80000000,191235.92448000,1160,57663.00000000,78288.10969000
1772526660000,1.35810000,1.35810000,1.35650000,1.35700000,1772526719999,35893.30000000,48729.00096000,793,12343.80000000,16756.98382000
1772526720000,1.35710000,1.35860000,1.35670000,1.35710000,1772526779999,158631.20000000,215371.96115000,953,63714.80000000,86486.50273000
1772526780000,1.35700000,1.35850000,1.35690000,1.35820000,1772526839999,131422.30000000,178426.68962000,962,87448.90000000,118714.02202000
1772526840000,1.35820000,1.35820000,1.35690000,1.35780000,1772526899999,15309.70000000,20784.73973000,691,7860.60000000,10671.24166000
1772526900000,1.35780000,1.35930000,1.35730000,1.35930000,1772526959999,62930.40000000,85463.12359000,806,19856.20000000,26963.92899000
1772526960000,1.35930000,1.35990000,1.35880000,1.35930000,1772527019999,75468.00000000,102599.14434000,639,57330.50000000,77944.56399000
1772527020000,1.35940000,1.35960000,1.35730000,1.35750000,1772527079999,88940.20000000,120784.08470000,660,48453.00000000,65806.12981000
1772527080000,1.35740000,1.35830000,1.35640000,1.35690000,1772527139999,63936.30000000,86755.12399000,929,45657.10000000,61950.24548000
1772527140000,1.35690000,1.35690000,1.35500000,1.35580000,1772527199999,275713.50000000,373803.74928000,1357,119653.10000000,162219.97668000
1772527200000,1.35580000,1.35580000,1.35350000,1.35570000,1772527259999,501819.50000000,679702.47491000,2104,177697.90000000,240683.30406000
1772527260000,1.35570000,1.35570000,1.35350000,1.35370000,1772527319999,110809.80000000,150078.66939000,1352,40136.20000000,54357.65518000
1772527320000,1.35370000,1.35410000,1.35280000,1.35310000,1772527379999,48889.60000000,66166.35276000,974,20929.20000000,28327.39245000
1772527380000,1.35320000,1.35400000,1.35270000,1.35310000,1772527439999,62878.30000000,85097.31711000,1023,25511.90000000,34527.52932000
1772527440000,1.35310000,1.35320000,1.35140000,1.35190000,1772527499999,120627.00000000,163093.67501000,1274,30153.50000000,40771.15251000
1772527500000,1.35180000,1.35230000,1.35040000,1.35210000,1772527559999,143439.60000000,193797.51558000,1291,73637.90000000,99493.14319000
1772527560000,1.35220000,1.35220000,1.35020000,1.35060000,1772527619999,235419.50000000,317988.59512000,947,135057.20000000,182432.68011000
1772527620000,1.35060000,1.35330000,1.35020000,1.35130000,1772527679999,161240.20000000,217837.59309000,1160,117927.80000000,159287.90058000
1772527680000,1.35130000,1.35200000,1.35010000,1.35050000,1772527739999,132419.70000000,178829.42920000,807,37725.10000000,50961.47834000
1772527740000,1.35050000,1.35150000,1.34940000,1.34980000,1772527799999,257329.30000000,347430.38429000,1421,45791.90000000,61839.52471000
1772527800000,1.34980000,1.35000000,1.34930000,1.34960000,1772527859999,79154.40000000,106834.38203000,776,54701.60000000,73831.62138000
1772527860000,1.34950000,1.35100000,1.34830000,1.34880000,1772527919999,187271.20000000,252724.00225000,1249,46648.30000000,62940.10923000
1772527920000,1.34880000,1.34950000,1.34810000,1.34900000,1772527979999,186440.80000000,251465.66378000,1194,115263.70000000,155462.44454000
1772527980000,1.34890000,1.35030000,1.34890000,1.35030000,1772528039999,59422.30000000,80193.67929000,493,31891.70000000,43040.31999000
1772528040000,1.35040000,1.35070000,1.34940000,1.34950000,1772528099999,71480.40000000,96482.99642000,671,37530.60000000,50655.45987000
1772528100000,1.34950000,1.34970000,1.34830000,1.34900000,1772528159999,178113.40000000,240265.62908000,964,122902.20000000,165783.15049000
1772528160000,1.34900000,1.34900000,1.34750000,1.34780000,1772528219999,213998.20000000,288460.78987000,818,62315.80000000,84001.11583000
1772528220000,1.34780000,1.34980000,1.34780000,1.34970000,1772528279999,148520.20000000,200233.28189000,738,122289.70000000,164860.93317000
1772528280000,1.34970000,1.35100000,1.34900000,1.34900000,1772528339999,496078.40000000,669850.11691000,1089,358655.30000000,484291.09581000
1772528340000,1.34890000,1.34980000,1.34820000,1.34940000,1772528399999,99968.10000000,134892.52466000,582,86088.10000000,116167.22519000
1772528400000,1.34940000,1.35130000,1.34800000,1.35060000,1772528459999,358843.10000000,484167.47006000,1297,107819.60000000,145551.98563000
1772528460000,1.35060000,1.35170000,1.34880000,1.34930000,1772528519999,188869.10000000,255028.78366000,905,137029.60000000,185062.98552000
1772528520000,1.34930000,1.35080000,1.34860000,1.34940000,1772528579999,100092.20000000,135075.93707000,1005,47703.10000000,64379.37486000
1772528580000,1.34940000,1.35040000,1.34850000,1.34970000,1772528639999,182564.20000000,246344.68983000,759,29402.40000000,39680.00418000
1772528640000,1.34960000,1.35050000,1.34920000,1.34920000,1772528699999,127511.70000000,172114.10774000,718,65237.40000000,88051.59109000
1772528700000,1.34920000,1.35180000,1.34800000,1.35170000,1772528759999,137951.10000000,186288.90141000,860,81584.90000000,110218.62096000
1772528760000,1.35170000,1.35360000,1.35050000,1.35310000,1772528819999,255453.00000000,345584.69558000,1442,164251.00000000,222202.08311000
1772528820000,1.35310000,1.35370000,1.35250000,1.35300000,1772528879999,239610.90000000,324214.96892000,723,77292.50000000,104587.64443000
1772528880000,1.35300000,1.35530000,1.35290000,1.35530000,1772528939999,115972.80000000,157065.10230000,725,64891.90000000,87879.81610000
1772528940000,1.35530000,1.35640000,1.35520000,1.35520000,1772528999999,130841.60000000,177379.53528000,714,91448.90000000,123973.54056000
1772529000000,1.35520000,1.35520000,1.35370000,1.35460000,1772529059999,142209.60000000,192599.23043000,877,68582.70000000,92879.87916000
1772529060000,1.35460000,1.35550000,1.35400000,1.35420000,1772529119999,94851.70000000,128495.07461000,585,42418.50000000,57462.35472000
1772529120000,1.35420000,1.35460000,1.35350000,1.35450000,1772529179999,99936.70000000,135311.84798000,660,43908.10000000,59450.36051000
1772529180000,1.35450000,1.35520000,1.35430000,1.35510000,1772529239999,133552.90000000,180936.94593000,483,115686.60000000,156733.71908000
1772529240000,1.35520000,1.35620000,1.35510000,1.35560000,1772529299999,42115.90000000,57096.72913000,303,22178.90000000,30069.55615000
1772529300000,1.35550000,1.35650000,1.35410000,1.35600000,1772529359999,53814.70000000,72940.68352000,713,18512.70000000,25095.62993000
1772529360000,1.35590000,1.35640000,1.35390000,1.35420000,1772529419999,80677.90000000,109332.57567000,858,45231.20000000,61296.78643000
1772529420000,1.35420000,1.35500000,1.35370000,1.35370000,1772529479999,128673.40000000,174283.27829000,893,74082.70000000,100343.88688000
1772529480000,1.35370000,1.35440000,1.35310000,1.35410000,1772529539999,197038.50000000,266747.83953000,717,166725.60000000,225709.48006000
1772529540000,1.35410000,1.35540000,1.35380000,1.35540000,1772529599999,35084.70000000,47516.41868000,390,16580.60000000,22456.87744000
1772529600000,1.35530000,1.35590000,1.35470000,1.35500000,1772529659999,14193.70000000,19236.30579000,387,3772.60000000,5112.89383000
1772529660000,1.35490000,1.35500000,1.35370000,1.35380000,1772529719999,34291.00000000,46446.88690000,398,3364.90000000,4558.50936000
1772529720000,1.35370000,1.35460000,1.35340000,1.35390000,1772529779999,41854.20000000,56672.32875000,420,5506.10000000,7456.26855000
1772529780000,1.35380000,1.35460000,1.35370000,1.35390000,1772529839999,34571.40000000,46812.82913000,390,26097.30000000,35337.69067000
1772529840000,1.35390000,1.35390000,1.35220000,1.35330000,1772529899999,201148.50000000,272150.80491000,711,56245.90000000,76087.07494000
1772529900000,1.35330000,1.35350000,1.35080000,1.35080000,1772529959999,97890.20000000,132370.43594000,621,23644.40000000,31956.65701000
1772529960000,1.35080000,1.35120000,1.34720000,1.34800000,1772530019999,156100.30000000,210588.60379000,1150,26397.30000000,35618.64652000
1772530020000,1.34790000,1.34840000,1.34710000,1.34740000,1772530079999,111009.40000000,149597.09187000,878,35431.70000000,47746.88665000
1772530080000,1.34740000,1.34790000,1.34520000,1.34590000,1772530139999,205406.80000000,276547.95820000,1067,60882.60000000,81940.88284000
1772530140000,1.34600000,1.34610000,1.34510000,1.34570000,1772530199999,148955.00000000,200459.92475000,435,138656.60000000,186602.88206000
1772530200000,1.34560000,1.34660000,1.34480000,1.34630000,1772530259999,121272.60000000,163180.58134000,675,42931.40000000,57773.46345000
1772530260000,1.34620000,1.34620000,1.34230000,1.34240000,1772530319999,165542.80000000,222442.88510000,1432,44766.00000000,60134.11686000
1772530320000,1.34250000,1.34450000,1.34220000,1.34380000,1772530379999,201671.00000000,270889.30825000,967,156389.80000000,210058.02836000
1772530380000,1.34370000,1.34730000,1.34370000,1.34690000,1772530439999,140629.90000000,189333.00215000,1255,118963.40000000,160168.95390000
1772530440000,1.34680000,1.34710000,1.34540000,1.34670000,1772530499999,135464.60000000,182396.42881000,766,42687.10000000,57465.57424000
1772530500000,1.34670000,1.34690000,1.34570000,1.34620000,1772530559999,164145.80000000,221008.21174000,793,113457.80000000,152766.51300000
1772530560000,1.34620000,1.34690000,1.34590000,1.34610000,1772530619999,56793.30000000,76464.56805000,549,47784.80000000,64333.97023000
1772530620000,1.34610000,1.34720000,1.34550000,1.34720000,1772530679999,92534.30000000,124563.32994000,558,59067.00000000,79508.40883000
1772530680000,1.34720000,1.35020000,1.34710000,1.34920000,1772530739999,148479.20000000,200308.75913000,940,115174.50000000,155382.18855000
1772530740000,1.34910000,1.34990000,1.34830000,1.34930000,1772530799999,32997.60000000,44514.12344000,629,20045.40000000,27040.46203000
1772530800000,1.34920000,1.34930000,1.34850000,1.34870000,1772530859999,71917.30000000,97015.22508000,442,18377.50000000,24789.62455000
1772530860000,1.34880000,1.34930000,1.34860000,1.34930000,1772530919999,30451.70000000,41075.31984000,338,13390.40000000,18061.81095000
1772530920000,1.34930000,1.34960000,1.34910000,1.34930000,1772530979999,48773.70000000,65810.47278000,314,9301.00000000,12550.01866000
1772530980000,1.34940000,1.34940000,1.34840000,1.34850000,1772531039999,11189.10000000,15090.92792000,183,5147.40000000,6942.14469000
1772531040000,1.34850000,1.34850000,1.34730000,1.34820000,1772531099999,44875.70000000,60484.88449000,320,24039.40000000,32396.93584000
1772531100000,1.34830000,1.34850000,1.34780000,1.34840000,1772531159999,25378.40000000,34217.21990000,263,7153.70000000,9645.14196000
1772531160000,1.34840000,1.34840000,1.34600000,1.34680000,1772531219999,37948.70000000,51117.65714000,550,11859.50000000,15974.32707000
1772531220000,1.34670000,1.34720000,1.34640000,1.34650000,1772531279999,28701.90000000,38656.53900000,356,11131.70000000,14992.70408000
1772531280000,1.34650000,1.34680000,1.34620000,1.34660000,1772531339999,44949.70000000,60525.81926000,347,37301.10000000,50226.91057000
1772531340000,1.34660000,1.34660000,1.34570000,1.34600000,1772531399999,299671.10000000,403425.86312000,623,66225.00000000,89147.32765000
1772531400000,1.34600000,1.34660000,1.34530000,1.34540000,1772531459999,49124.50000000,66114.34609000,380,29088.80000000,39146.96208000
1772531460000,1.34540000,1.34620000,1.34520000,1.34550000,1772531519999,41010.40000000,55192.56300000,436,11363.90000000,15295.30520000
1772531520000,1.34540000,1.34630000,1.34480000,1.34600000,1772531579999,42629.80000000,57351.38257000,411,21906.60000000,29468.81539000
1772531580000,1.34600000,1.34670000,1.34580000,1.34650000,1772531639999,50829.20000000,68423.52215000,346,8955.60000000,12056.10630000
1772531640000,1.34640000,1.34760000,1.34580000,1.34710000,1772531699999,44899.80000000,60468.99937000,596,19073.30000000,25687.53042000
1772531700000,1.34710000,1.34880000,1.34710000,1.34770000,1772531759999,108119.40000000,145729.27177000,575,66578.30000000,89733.03249000
1772531760000,1.34780000,1.34790000,1.34700000,1.34740000,1772531819999,31236.00000000,42092.81780000,422,10098.80000000,13608.96607000
1772531820000,1.34740000,1.34800000,1.34740000,1.34780000,1772531879999,35799.90000000,48251.28020000,315,22379.80000000,30164.47966000
1772531880000,1.34770000,1.34790000,1.34720000,1.34780000,1772531939999,32287.30000000,43511.70439000,269,18098.00000000,24389.61171000
1772531940000,1.34790000,1.34860000,1.34770000,1.34830000,1772531999999,52324.10000000,70539.47232000,283,30110.10000000,40587.97153000
1772532000000,1.34820000,1.34820000,1.34650000,1.34660000,1772532059999,41809.80000000,56322.70085000,687,19330.50000000,26039.80450000
1772532060000,1.34650000,1.34710000,1.34520000,1.34600000,1772532119999,350436.40000000,471939.22865000,711,207077.40000000,278887.89337000
1772532120000,1.34590000,1.34640000,1.34440000,1.34480000,1772532179999,186367.70000000,250697.25095000,947,50514.80000000,67947.52237000
1772532180000,1.34490000,1.34620000,1.34470000,1.34620000,1772532239999,122003.50000000,164131.17100000,539,105016.40000000,141274.09264000
1772532240000,1.34620000,1.34790000,1.34620000,1.34730000,1772532299999,72411.30000000,97545.76706000,786,50796.20000000,68421.13425000
1772532300000,1.34720000,1.34720000,1.34490000,1.34490000,1772532359999,49881.00000000,67139.86509000,700,24721.50000000,33278.73267000
1772532360000,1.34490000,1.34500000,1.34360000,1.34480000,1772532419999,40202.30000000,54043.15453000,459,18059.20000000,24273.37051000
1772532420000,1.34480000,1.34520000,1.34330000,1.34490000,1772532479999,77919.30000000,104758.81189000,584,39004.90000000,52448.07181000
1772532480000,1.34480000,1.34550000,1.34400000,1.34420000,1772532539999,46190.90000000,62108.01648000,484,21155.20000000,28446.30453000
1772532540000,1.34410000,1.34410000,1.34280000,1.34310000,1772532599999,62529.60000000,84010.77067000,606,23465.00000000,31523.67720000
1772532600000,1.34320000,1.34350000,1.34270000,1.34300000,1772532659999,19117.80000000,25678.31762000,310,12418.80000000,16681.08405000
1772532660000,1.34300000,1.34340000,1.34290000,1.34330000,1772532719999,23060.20000000,30974.51538000,256,7950.70000000,10679.58471000
1772532720000,1.34330000,1.34500000,1.34320000,1.34500000,1772532779999,38938.40000000,52346.74721000,415,9874.60000000,13272.36823000
1772532780000,1.34500000,1.34550000,1.34390000,1.34470000,1772532839999,28015.50000000,37673.96322000,382,14837.60000000,19952.88370000
1772532840000,1.34470000,1.34470000,1.34390000,1.34410000,1772532899999,9965.00000000,13393.91647000,188,3748.80000000,5038.98816000
1772532900000,1.34410000,1.34450000,1.34400000,1.34440000,1772532959999,9218.60000000,12391.71378000,132,7210.10000000,9691.61459000
1772532960000,1.34430000,1.34460000,1.34290000,1.34340000,1772533019999,41264.60000000,55453.33303000,372,11179.80000000,15027.48544000
1772533020000,1.34340000,1.34640000,1.34330000,1.34610000,1772533079999,96328.30000000,129510.87513000,643,30429.10000000,40922.57128000
1772533080000,1.34600000,1.34610000,1.34480000,1.34530000,1772533139999,142722.60000000,192010.83314000,504,123079.00000000,165584.09525000
1772533140000,1.34540000,1.34540000,1.34430000,1.34490000,1772533199999,25631.70000000,34471.86918000,360,9073.50000000,12201.40489000
1772533200000,1.34490000,1.34640000,1.34490000,1.34580000,1772533259999,47175.00000000,63490.46510000,493,18666.40000000,25123.39807000
1772533260000,1.34570000,1.34740000,1.34560000,1.34610000,1772533319999,80939.70000000,108988.48324000,526,61572.10000000,82906.37841000
1772533320000,1.34620000,1.34700000,1.34560000,1.34600000,1772533379999,76240.00000000,102631.26072000,603,29092.40000000,39164.53948000
1772533380000,1.34600000,1.34850000,1.34600000,1.34810000,1772533439999,147779.40000000,199143.03149000,1024,98910.10000000,133290.79486000
1772533440000,1.34800000,1.34800000,1.34640000,1.34640000,1772533499999,49414.60000000,66573.17020000,484,11819.70000000,15926.68467000
1772533500000,1.34640000,1.34710000,1.34600000,1.34670000,1772533559999,58265.20000000,78458.10164000,448,20230.50000000,27242.54620000
1772533560000,1.34660000,1.34660000,1.34330000,1.34340000,1772533619999,109809.90000000,147712.62146000,860,21840.90000000,29375.90932000
1772533620000,1.34350000,1.34480000,1.34350000,1.34450000,1772533679999,53527.50000000,71969.38522000,312,12132.90000000,16309.53939000
1772533680000,1.34440000,1.34500000,1.34390000,1.34450000,1772533739999,58653.90000000,78850.64059000,432,19376.60000000,26045.48736000
1772533740000,1.34440000,1.34480000,1.34400000,1.34420000,1772533799999,20077.00000000,26990.73276000,352,2870.10000000,3858.47814000
1772533800000,1.34420000,1.34460000,1.34390000,1.34450000,1772533859999,35804.50000000,48129.60162000,383,15919.70000000,21400.18577000
1772533860000,1.34450000,1.34450000,1.34350000,1.34430000,1772533919999,28558.20000000,38388.23011000,425,19141.60000000,25730.67642000
1772533920000,1.34420000,1.34570000,1.34420000,1.34480000,1772533979999,42051.30000000,56564.31814000,507,9414.00000000,12661.13050000
1772533980000,1.34480000,1.34480000,1.34320000,1.34370000,1772534039999,95924.80000000,128901.49899000,465,38738.60000000,52042.98933000
1772534040000,1.34370000,1.34430000,1.34310000,1.34430000,1772534099999,41040.40000000,55153.57128000,514,19437.30000000,26117.78120000
1772534100000,1.34420000,1.34490000,1.34360000,1.34430000,1772534159999,307014.40000000,412671.08693000,589,69846.20000000,93894.19041000
1772534160000,1.34440000,1.34470000,1.34400000,1.34430000,1772534219999,35854.80000000,48199.70921000,349,24023.10000000,32294.07035000
1772534220000,1.34420000,1.34430000,1.34370000,1.34410000,1772534279999,30279.70000000,40697.78104000,277,17037.40000000,22899.39416000
1772534280000,1.34410000,1.34440000,1.34300000,1.34360000,1772534339999,94647.20000000,127163.35047000,571,22113.00000000,29706.15755000
1772534340000,1.34360000,1.34450000,1.34310000,1.34320000,1772534399999,67593.30000000,90830.20904000,578,20927.90000000,28119.99157000
1772534400000,1.34330000,1.34550000,1.34330000,1.34550000,1772534459999,80844.80000000,108707.22254000,348,48291.80000000,64942.86031000
1772534460000,1.34550000,1.34660000,1.34530000,1.34570000,1772534519999,110612.40000000,148888.77144000,635,50401.00000000,67840.24636000
1772534520000,1.34570000,1.34670000,1.34530000,1.34670000,1772534579999,34535.10000000,46477.91844000,321,22980.10000000,30931.71877000
1772534580000,1.34660000,1.34710000,1.34560000,1.34620000,1772534639999,90584.20000000,121951.16337000,575,47055.20000000,63344.95709000
1772534640000,1.34620000,1.34670000,1.34540000,1.34660000,1772534699999,43023.40000000,57919.29095000,363,39339.10000000,52960.49052000
1772534700000,1.34670000,1.34760000,1.34670000,1.34750000,1772534759999,48688.30000000,65596.54332000,545,26964.00000000,36326.86675000
1772534760000,1.34760000,1.34880000,1.34760000,1.34880000,1772534819999,68175.60000000,91916.15990000,556,42855.80000000,57782.00632000
1772534820000,1.34870000,1.35080000,1.34860000,1.35010000,1772534879999,80955.90000000,109307.63376000,676,28603.60000000,38615.59249000
1772534880000,1.35010000,1.35130000,1.34970000,1.35090000,1772534939999,83103.90000000,112237.37661000,714,36377.60000000,49130.15346000
1772534940000,1.35100000,1.35240000,1.35040000,1.35210000,1772534999999,150653.80000000,203569.59035000,826,63490.20000000,85796.48428000
1772535000000,1.35200000,1.35200000,1.35070000,1.35110000,1772535059999,193445.00000000,261383.50066000,686,92266.00000000,124684.25209000
1772535060000,1.35110000,1.35160000,1.34960000,1.34980000,1772535119999,111180.60000000,150174.57805000,812,60405.80000000,81583.86940000
1772535120000,1.34980000,1.35050000,1.34950000,1.35000000,1772535179999,23057.60000000,31124.60723000,534,9484.30000000,12802.81131000
1772535180000,1.35010000,1.35130000,1.35000000,1.35080000,1772535239999,60808.10000000,82135.97893000,669,11621.00000000,15694.64769000
1772535240000,1.35080000,1.35080000,1.34970000,1.35010000,1772535299999,21174.40000000,28585.86850000,407,5424.10000000,7322.70857000
1772535300000,1.35020000,1.35020000,1.34930000,1.34980000,1772535359999,13106.40000000,17689.23588000,364,7161.50000000,9665.80337000
1772535360000,1.34970000,1.35020000,1.34940000,1.34950000,1772535419999,91907.50000000,124040.99329000,448,61282.50000000,82708.84125000
1772535420000,1.34950000,1.34970000,1.34920000,1.34920000,1772535479999,143337.30000000,193427.79057000,307,39524.00000000,53337.67940000
1772535480000,1.34930000,1.34970000,1.34860000,1.34970000,1772535539999,38022.30000000,51303.49456000,432,12676.10000000,17104.93929000
1772535540000,1.34960000,1.35100000,1.34860000,1.35060000,1772535599999,163116.60000000,220201.92539000,1013,110002.30000000,148503.02285000
1772535600000,1.35060000,1.35080000,1.34950000,1.35000000,1772535659999,41585.50000000,56143.84804000,582,13650.70000000,18428.97968000
1772535660000,1.35000000,1.35110000,1.34980000,1.35110000,1772535719999,54835.60000000,74052.76225000,388,28759.10000000,38838.33424000
1772535720000,1.35100000,1.35230000,1.35100000,1.35230000,1772535779999,112297.70000000,151768.77158000,803,47987.50000000,64853.40932000
1772535780000,1.35220000,1.35420000,1.35220000,1.35300000,1772535839999,577365.30000000,781439.00020000,835,430848.30000000,583206.46192000
1772535840000,1.35290000,1.35360000,1.35220000,1.35300000,1772535899999,480796.10000000,650465.57812000,1000,117244.20000000,158626.56546000
1772535900000,1.35310000,1.35310000,1.35140000,1.35200000,1772535959999,87414.20000000,118182.46582000,743,54679.90000000,73925.92123000
1772535960000,1.35190000,1.35250000,1.35130000,1.35200000,1772536019999,121572.90000000,164353.17087000,690,97166.70000000,131356.63890000
1772536020000,1.35190000,1.35200000,1.35090000,1.35100000,1772536079999,93310.10000000,126082.44922000,418,73869.10000000,99807.97126000
1772536080000,1.35100000,1.35210000,1.35070000,1.35080000,1772536139999,60894.50000000,82296.68520000,718,42411.80000000,57319.52612000
1772536140000,1.35080000,1.35300000,1.35080000,1.35290000,1772536199999,155466.10000000,210196.43626000,1059,104072.50000000,140705.86204000
1772536200000,1.35290000,1.35360000,1.35240000,1.35340000,1772536259999,143135.60000000,193625.81982000,728,130953.50000000,177142.50306000
1772536260000,1.35340000,1.35410000,1.35300000,1.35370000,1772536319999,90121.40000000,121982.04908000,649,41654.00000000,56386.53690000
1772536320000,1.35370000,1.35390000,1.35230000,1.35240000,1772536379999,78712.30000000,106523.83287000,621,19718.00000000,26684.20202000
1772536380000,1.35240000,1.35250000,1.35180000,1.35190000,1772536439999,50086.00000000,67724.87804000,321,32166.40000000,43497.25132000
1772536440000,1.35180000,1.35310000,1.35180000,1.35220000,1772536499999,68370.00000000,92481.05067000,443,45892.30000000,62075.57379000
1772536500000,1.35220000,1.35220000,1.35120000,1.35170000,1772536559999,97771.40000000,132167.61420000,480,48071.40000000,64987.20427000
1772536560000,1.35170000,1.35170000,1.34960000,1.34980000,1772536619999,93303.90000000,126036.00501000,675,19682.00000000,26596.22354000
1772536620000,1.34980000,1.34980000,1.34690000,1.34710000,1772536679999,204544.80000000,275777.97517000,887,86416.70000000,116476.08683000
1772536680000,1.34710000,1.34830000,1.34710000,1.34730000,1772536739999,61108.30000000,82367.64863000,465,40754.30000000,54932.69354000
1772536740000,1.34740000,1.34830000,1.34740000,1.34770000,1772536799999,54104.60000000,72919.90143000,418,32729.80000000,44110.68272000
1772536800000,1.34760000,1.34810000,1.34700000,1.34770000,1772536859999,59689.90000000,80437.50888000,653,22461.30000000,30269.53487000
1772536860000,1.34780000,1.34990000,1.34780000,1.34990000,1772536919999,73279.70000000,98867.77758000,518,22302.20000000,30090.71278000
1772536920000,1.34990000,1.35180000,1.34980000,1.35050000,1772536979999,42112.00000000,56879.33741000,618,22914.30000000,30952.32935000
1772536980000,1.35050000,1.35140000,1.34980000,1.35130000,1772537039999,50030.20000000,67574.79606000,637,30893.50000000,41725.45287000
1772537040000,1.35130000,1.35230000,1.35080000,1.35230000,1772537099999,59983.80000000,81058.91550000,555,40162.90000000,54276.64837000
1772537100000,1.35220000,1.35260000,1.35150000,1.35150000,1772537159999,59436.90000000,80368.69120000,774,32227.00000000,43575.26613000
1772537160000,1.35150000,1.35150000,1.35060000,1.35080000,1772537219999,131384.40000000,177468.36791000,629,47462.20000000,64118.43758000
1772537220000,1.35080000,1.35080000,1.34960000,1.34970000,1772537279999,77447.00000000,104556.90429000,675,27039.00000000,36498.40884000
1772537280000,1.34980000,1.34980000,1.34890000,1.34940000,1772537339999,45786.20000000,61781.10426000,460,18888.10000000,25485.13253000
1772537340000,1.34940000,1.34940000,1.34800000,1.34860000,1772537399999,70506.80000000,95086.13529000,783,19124.60000000,25789.05444000
1772537400000,1.34860000,1.34980000,1.34860000,1.34970000,1772537459999,67955.10000000,91683.55714000,659,14109.90000000,19036.62956000
1772537460000,1.34970000,1.35060000,1.34920000,1.35040000,1772537519999,245673.70000000,331595.20326000,777,207876.60000000,280578.80638000
1772537520000,1.35040000,1.35040000,1.34870000,1.34880000,1772537579999,64375.80000000,86871.49596000,746,13259.00000000,17889.69657000
1772537580000,1.34870000,1.34950000,1.34740000,1.34920000,1772537639999,110104.20000000,148428.21801000,869,63694.90000000,85870.45564000
1772537640000,1.34920000,1.34920000,1.34830000,1.34900000,1772537699999,88936.10000000,119958.29257000,463,61231.00000000,82594.20836000
1772537700000,1.34910000,1.35170000,1.34900000,1.35160000,1772537759999,90238.50000000,121792.03825000,843,38835.80000000,52415.84502000
1772537760000,1.35160000,1.35220000,1.35100000,1.35140000,1772537819999,73721.20000000,99641.19937000,766,55010.30000000,74350.02566000
1772537820000,1.35130000,1.35220000,1.35110000,1.35160000,1772537879999,214146.40000000,289430.70780000,957,176648.30000000,238746.27374000
1772537880000,1.35150000,1.35170000,1.35040000,1.35140000,1772537939999,691837.40000000,934955.64804000,1349,79402.60000000,107262.03448000
1772537940000,1.35150000,1.35220000,1.35120000,1.35170000,1772537999999,36242.50000000,48990.77809000,627,20622.70000000,27876.16328000
1772538000000,1.35160000,1.35180000,1.35080000,1.35150000,1772538059999,36511.50000000,49341.56398000,550,33421.30000000,45165.82863000
1772538060000,1.35150000,1.35160000,1.35090000,1.35090000,1772538119999,80373.40000000,108608.06502000,332,75104.00000000,101487.60928000
1772538120000,1.35100000,1.35100000,1.35040000,1.35060000,1772538179999,41846.10000000,56520.02533000,315,20518.80000000,27713.04945000
1772538180000,1.35060000,1.35100000,1.35000000,1.35050000,1772538239999,60714.20000000,81994.27171000,382,37369.50000000,50463.06146000
1772538240000,1.35050000,1.35160000,1.35020000,1.35150000,1772538299999,78662.20000000,106264.94256000,434,56971.30000000,76966.94681000
1772538300000,1.35150000,1.35210000,1.35120000,1.35200000,1772538359999,65398.40000000,88392.62133000,465,38360.00000000,51845.87517000
1772538360000,1.35200000,1.35230000,1.35180000,1.35210000,1772538419999,56367.90000000,76212.18067000,362,25635.30000000,34659.63605000
1772538420000,1.35210000,1.35240000,1.35160000,1.35200000,1772538479999,63191.40000000,85435.41690000,544,38612.70000000,52205.01477000
1772538480000,1.35200000,1.35310000,1.35170000,1.35290000,1772538539999,107917.30000000,145922.89412000,787,69680.00000000,94222.00607000
1772538540000,1.35290000,1.35290000,1.35200000,1.35200000,1772538599999,87011.70000000,117690.75237000,535,40683.50000000,55028.13404000
1772538600000,1.35190000,1.35210000,1.35120000,1.35210000,1772538659999,20370.20000000,27535.58564000,339,16593.50000000,22430.90101000
1772538660000,1.35200000,1.35240000,1.35200000,1.35230000,1772538719999,14554.80000000,19682.25295000,177,5991.40000000,8102.08400000
1772538720000,1.35220000,1.35320000,1.35220000,1.35270000,1772538779999,119380.20000000,161494.92243000,674,35494.10000000,48008.27590000
1772538780000,1.35280000,1.35340000,1.35270000,1.35300000,1772538839999,106372.20000000,143925.21785000,409,93610.10000000,126655.81924000
1772538840000,1.35300000,1.35360000,1.35290000,1.35330000,1772538899999,56510.40000000,76478.15305000,382,47454.50000000,64221.85248000
1772538900000,1.35330000,1.35330000,1.35270000,1.35310000,1772538959999,69156.20000000,93568.25317000,329,45371.80000000,61383.76342000
1772538960000,1.35310000,1.35320000,1.35240000,1.35280000,1772539019999,48674.40000000,65848.13581000,624,30824.30000000,41697.07374000
1772539020000,1.35270000,1.35340000,1.35270000,1.35310000,1772539079999,44960.90000000,60835.21673000,236,40803.50000000,55209.25940000
1772539080000,1.35320000,1.35460000,1.35320000,1.35380000,1772539139999,139010.20000000,188200.44343000,663,109408.20000000,148125.93939000
1772539140000,1.35380000,1.35390000,1.35300000,1.35310000,1772539199999,98017.20000000,132660.39553000,337,9832.40000000,13308.77791000
1772539200000,1.35310000,1.35330000,1.35210000,1.35300000,1772539259999,65132.70000000,88108.63684000,727,24540.30000000,33195.97163000
1772539260000,1.35300000,1.35380000,1.35260000,1.35310000,1772539319999,122555.10000000,165813.09788000,675,104686.50000000,141634.07115000
1772539320000,1.35310000,1.35340000,1.35170000,1.35340000,1772539379999,78723.00000000,106476.05087000,804,39569.00000000,53516.52411000
1772539380000,1.35330000,1.35490000,1.35270000,1.35470000,1772539439999,105129.30000000,142355.46544000,887,83425.40000000,112976.24523000
1772539440000,1.35460000,1.35580000,1.35430000,1.35480000,1772539499999,194013.20000000,262956.40556000,609,165989.40000000,224980.76489000
1772539500000,1.35490000,1.35550000,1.35480000,1.35520000,1772539559999,123454.00000000,167276.76684000,986,65243.10000000,88404.58685000
1772539560000,1.35520000,1.35800000,1.35440000,1.35770000,1772539619999,237829.50000000,322600.75675000,1641,146362.80000000,198536.30943000
1772539620000,1.35770000,1.35910000,1.35750000,1.35880000,1772539679999,331714.20000000,450520.33058000,1548,168007.30000000,228197.61953000
1772539680000,1.35880000,1.36000000,1.35870000,1.35990000,1772539739999,216864.00000000,294778.74158000,1088,168453.50000000,228970.52145000
1772539740000,1.35980000,1.36150000,1.35930000,1.36100000,1772539799999,318818.20000000,433601.22916000,1414,198423.40000000,269885.35248000
1772539800000,1.36090000,1.36140000,1.36020000,1.36070000,1772539859999,332440.40000000,452339.06132000,1595,156145.80000000,212461.23938000
1772539860000,1.36060000,1.36530000,1.36010000,1.36450000,1772539919999,390299.70000000,532044.10318000,2226,210997.30000000,287523.26979000
1772539920000,1.36450000,1.37080000,1.36450000,1.36860000,1772539979999,318333.70000000,435837.91811000,2581,225618.90000000,308875.96070000
1772539980000,1.36870000,1.36890000,1.36610000,1.36750000,1772540039999,159737.70000000,218329.33970000,1674,86011.00000000,117553.62387000
1772540040000,1.36740000,1.36740000,1.36510000,1.36610000,1772540099999,300194.00000000,410092.93842000,1205,206327.80000000,281859.70952000
1772540100000,1.36610000,1.36630000,1.36370000,1.36430000,1772540159999,163505.00000000,223088.38148000,1481,57609.00000000,78614.89040000
1772540160000,1.36430000,1.36430000,1.36170000,1.36170000,1772540219999,41575.80000000,56668.29311000,1037,21757.90000000,29656.48392000
1772540220000,1.36170000,1.36170000,1.36080000,1.36100000,1772540279999,102168.30000000,139061.59613000,656,56358.90000000,76713.25366000
1772540280000,1.36090000,1.36220000,1.36080000,1.36110000,1772540339999,84370.90000000,114858.55863000,800,57713.20000000,78570.73253000
1772540340000,1.36100000,1.36100000,1.36040000,1.36040000,1772540399999,28351.10000000,38578.08298000,213,22481.70000000,30592.30387000
1772540400000,1.36030000,1.36030000,1.35860000,1.35950000,1772540459999,49924.70000000,67870.79761000,833,29355.80000000,39903.14384000
1772540460000,1.35950000,1.36000000,1.35870000,1.35870000,1772540519999,122095.90000000,165979.38274000,665,68557.90000000,93190.47927000
1772540520000,1.35860000,1.35860000,1.35700000,1.35800000,1772540579999,93016.40000000,126308.30314000,769,53198.90000000,72233.11647000
1772540580000,1.35800000,1.35830000,1.35780000,1.35800000,1772540639999,40176.70000000,54562.79150000,336,20133.60000000,27341.23844000
1772540640000,1.35810000,1.35950000,1.35810000,1.35940000,1772540699999,35756.10000000,48594.98242000,547,15954.00000000,21681.16653000
1772540700000,1.35930000,1.35950000,1.35880000,1.35950000,1772540759999,53497.20000000,72718.25671000,493,28127.30000000,38232.64589000
1772540760000,1.35950000,1.36030000,1.35900000,1.35970000,1772540819999,117350.80000000,159582.90273000,547,79616.00000000,108267.85434000
1772540820000,1.35960000,1.35960000,1.35860000,1.35900000,1772540879999,22829.80000000,31027.11281000,380,4224.20000000,5740.55170000
1772540880000,1.35900000,1.36020000,1.35830000,1.36000000,1772540939999,57429.10000000,78051.81618000,552,32059.20000000,43574.81327000
1772540940000,1.35990000,1.36020000,1.35940000,1.35970000,1772540999999,36322.30000000,49390.64891000,446,21011.40000000,28568.73340000
1772541000000,1.35980000,1.36020000,1.35880000,1.35990000,1772541059999,99118.00000000,134761.55658000,639,45995.20000000,62539.44051000
1772541060000,1.35990000,1.35990000,1.35860000,1.35860000,1772541119999,65769.10000000,89372.44458000,575,15167.70000000,20611.41238000
1772541120000,1.35860000,1.35900000,1.35650000,1.35840000,1772541179999,61946.80000000,84109.97926000,983,30395.30000000,41268.32668000
1772541180000,1.35850000,1.35890000,1.35800000,1.35850000,1772541239999,32769.40000000,44516.87863000,570,15406.30000000,20928.20608000
1772541240000,1.35850000,1.35930000,1.35800000,1.35860000,1772541299999,31680.40000000,43045.68189000,510,9996.10000000,13579.67867000
1772541300000,1.35860000,1.35910000,1.35840000,1.35870000,1772541359999,28988.50000000,39388.90978000,286,10825.70000000,14709.42405000
1772541360000,1.35870000,1.35870000,1.35610000,1.35610000,1772541419999,32261.40000000,43780.23845000,660,18505.80000000,25111.68974000
1772541420000,1.35620000,1.35630000,1.35540000,1.35550000,1772541479999,39306.30000000,53288.60970000,609,21371.70000000,28973.46056000
1772541480000,1.35550000,1.35660000,1.35550000,1.35640000,1772541539999,42168.40000000,57183.15440000,434,21433.90000000,29062.06898000
1772541540000,1.35630000,1.35740000,1.35630000,1.35710000,1772541599999,61376.90000000,83291.48626000,502,25243.80000000,34258.71789000
1772541600000,1.35720000,1.35720000,1.35570000,1.35570000,1772541659999,89232.00000000,121014.34346000,545,64710.80000000,87749.46853000
1772541660000,1.35570000,1.35650000,1.35520000,1.35630000,1772541719999,32230.70000000,43700.10200000,491,13668.00000000,18531.18350000
1772541720000,1.35620000,1.35650000,1.35550000,1.35590000,1772541779999,64588.90000000,87583.65476000,396,33780.40000000,45815.76396000
1772541780000,1.35580000,1.35610000,1.35550000,1.35600000,1772541839999,10314.40000000,13984.66087000,254,3457.00000000,4686.68761000
1772541840000,1.35590000,1.35640000,1.35570000,1.35620000,1772541899999,24163.70000000,32763.89647000,281,14353.10000000,19460.93967000
1772541900000,1.35620000,1.35660000,1.35610000,1.35640000,1772541959999,37017.00000000,50205.62224000,304,27858.20000000,37783.11986000
1772541960000,1.35640000,1.35730000,1.35640000,1.35730000,1772542019999,23870.00000000,32387.47967000,308,9603.70000000,13030.55036000
1772542020000,1.35730000,1.35740000,1.35600000,1.35690000,1772542079999,23362.60000000,31696.41685000,383,7239.10000000,9820.32530000
1772542080000,1.35680000,1.35690000,1.35570000,1.35660000,1772542139999,27872.00000000,37799.07116000,450,9150.80000000,12409.07667000
1772542140000,1.35660000,1.35800000,1.35600000,1.35800000,1772542199999,59555.20000000,80829.23033000,631,31139.00000000,42261.42240000
1772542200000,1.35790000,1.35790000,1.35650000,1.35650000,1772542259999,16453.40000000,22330.20073000,317,2468.30000000,3349.60323000
1772542260000,1.35650000,1.35710000,1.35570000,1.35670000,1772542319999,42556.70000000,57716.60727000,711,27516.40000000,37322.18499000
1772542320000,1.35680000,1.35710000,1.35600000,1.35630000,1772542379999,35898.40000000,48704.73712000,610,16123.40000000,21873.41322000
1772542380000,1.35620000,1.35660000,1.35570000,1.35610000,1772542439999,9851.50000000,13359.39982000,354,6610.10000000,8963.88616000
1772542440000,1.35620000,1.35750000,1.35600000,1.35750000,1772542499999,21308.00000000,28912.20953000,357,8365.90000000,11348.34003000
1772542500000,1.35750000,1.35880000,1.35750000,1.35880000,1772542559999,56329.20000000,76500.91055000,300,13074.10000000,17758.85589000
1772542560000,1.35870000,1.36010000,1.35860000,1.35930000,1772542619999,113636.70000000,154499.33813000,565,73631.50000000,100112.05752000
1772542620000,1.35930000,1.35930000,1.35780000,1.35880000,1772542679999,14537.30000000,19746.14967000,354,5735.70000000,7790.07833000
1772542680000,1.35870000,1.35880000,1.35810000,1.35860000,1772542739999,26677.90000000,36238.11088000,282,21166.00000000,28750.55040000
1772542740000,1.35860000,1.35870000,1.35810000,1.35820000,1772542799999,8669.60000000,11776.28519000,137,5185.60000000,7043.98270000
1772542800000,1.35830000,1.35890000,1.35750000,1.35750000,1772542859999,30426.20000000,41327.29958000,556,22307.90000000,30301.74757000
1772542860000,1.35750000,1.35750000,1.35380000,1.35560000,1772542919999,102102.20000000,138377.42167000,938,31588.60000000,42816.51688000
1772542920000,1.35550000,1.35550000,1.35310000,1.35360000,1772542979999,92917.40000000,125781.30298000,889,60325.30000000,81654.57821000
1772542980000,1.35360000,1.35540000,1.35350000,1.35460000,1772543039999,94961.00000000,128653.50623000,806,49552.60000000,67136.13562000
1772543040000,1.35470000,1.35510000,1.35250000,1.35250000,1772543099999,226189.10000000,306238.75908000,984,120255.90000000,162824.43388000
1772543100000,1.35240000,1.35350000,1.35070000,1.35330000,1772543159999,123532.60000000,167024.64766000,1285,43622.80000000,59001.74102000
1772543160000,1.35320000,1.35450000,1.35300000,1.35400000,1772543219999,38994.50000000,52790.98352000,399,12507.30000000,16932.34462000
1772543220000,1.35410000,1.35410000,1.35240000,1.35240000,1772543279999,11799.40000000,15962.36192000,445,5328.50000000,7207.33671000
1772543280000,1.35230000,1.35350000,1.35190000,1.35310000,1772543339999,51204.50000000,69269.95959000,470,16512.60000000,22330.46443000
1772543340000,1.35320000,1.35320000,1.35180000,1.35180000,1772543399999,21993.10000000,29743.07808000,434,9512.50000000,12865.88798000
1772543400000,1.35190000,1.35200000,1.35120000,1.35180000,1772543459999,26676.30000000,36056.75362000,344,7128.80000000,9635.88772000
1772543460000,1.35190000,1.35240000,1.35130000,1.35130000,1772543519999,26647.00000000,36027.63618000,309,4809.40000000,6502.72586000
1772543520000,1.35120000,1.35140000,1.35010000,1.35030000,1772543579999,87089.10000000,117648.74724000,479,71366.20000000,96411.35607000
1772543580000,1.35030000,1.35070000,1.34930000,1.34960000,1772543639999,197867.00000000,267116.44999000,747,11390.50000000,15374.69036000
1772543640000,1.34950000,1.35030000,1.34800000,1.34870000,1772543699999,69118.00000000,93236.91684000,803,24833.30000000,33498.94416000
1772543700000,1.34880000,1.35140000,1.34860000,1.35140000,1772543759999,173202.40000000,233771.19682000,974,62597.60000000,84505.43002000
1772543760000,1.35150000,1.35170000,1.35050000,1.35110000,1772543819999,22967.10000000,31028.59035000,511,14564.00000000,19675.62174000
1772543820000,1.35110000,1.35200000,1.35080000,1.35190000,1772543879999,45588.80000000,61608.69340000,549,26183.20000000,35381.38101000
1772543880000,1.35200000,1.35350000,1.35080000,1.35140000,1772543939999,46311.00000000,62638.77008000,893,18896.90000000,25559.85549000
1772543940000,1.35140000,1.35200000,1.35100000,1.35130000,1772543999999,61692.40000000,83372.30166000,438,31960.50000000,43194.80700000
1772544000000,1.35130000,1.35290000,1.35100000,1.35280000,1772544059999,42025.40000000,56812.50717000,475,28689.80000000,38782.65650000
1772544060000,1.35290000,1.35290000,1.35150000,1.35240000,1772544119999,21104.50000000,28536.71984000,394,15222.80000000,20583.14434000
1772544120000,1.35250000,1.35250000,1.35170000,1.35190000,1772544179999,83936.40000000,113487.80665000,443,23311.10000000,31519.85947000
1772544180000,1.35190000,1.35230000,1.35130000,1.35140000,1772544239999,34709.30000000,46912.07049000,509,29936.70000000,40461.33498000
1772544240000,1.35130000,1.35160000,1.35050000,1.35100000,1772544299999,18898.10000000,25529.78271000,539,13300.90000000,17966.98363000
1772544300000,1.35100000,1.35100000,1.34980000,1.35010000,1772544359999,13688.30000000,18482.39896000,412,5115.50000000,6906.93458000
1772544360000,1.35010000,1.35090000,1.35010000,1.35060000,1772544419999,7725.40000000,10432.79387000,350,6277.70000000,8477.54090000
1772544420000,1.35060000,1.35090000,1.35050000,1.35080000,1772544479999,7030.00000000,9494.92430000,92,4269.70000000,5766.74879000
1772544480000,1.35090000,1.35090000,1.35000000,1.35000000,1772544539999,8394.60000000,11335.15498000,134,2954.50000000,3989.21791000
1772544540000,1.35010000,1.35070000,1.35000000,1.35050000,1772544599999,4867.00000000,6572.87415000,193,3846.10000000,5194.09093000
1772544600000,1.35050000,1.35060000,1.35000000,1.35010000,1772544659999,9672.00000000,13060.13420000,167,3940.50000000,5321.35378000
1772544660000,1.35010000,1.35010000,1.34600000,1.34690000,1772544719999,264852.40000000,356833.61028000,1857,103039.30000000,138798.56774000
1772544720000,1.34690000,1.34800000,1.34530000,1.34790000,1772544779999,199948.60000000,269171.91402000,1165,112150.30000000,150949.88620000
1772544780000,1.34790000,1.34940000,1.34780000,1.34900000,1772544839999,67816.80000000,91455.47093000,560,27402.30000000,36957.44606000
1772544840000,1.34900000,1.34940000,1.34800000,1.34940000,1772544899999,70979.90000000,95753.60609000,674,48351.80000000,65230.04757000
1772544900000,1.34940000,1.35000000,1.34840000,1.34910000,1772544959999,92909.70000000,125370.67014000,612,18593.90000000,25080.63706000
1772544960000,1.34920000,1.34930000,1.34830000,1.34880000,1772545019999,71103.20000000,95913.13442000,485,24854.80000000,33526.25807000
1772545020000,1.34870000,1.34930000,1.34840000,1.34880000,1772545079999,14462.80000000,19510.95368000,303,4660.60000000,6286.72763000
1772545080000,1.34870000,1.34930000,1.34810000,1.34920000,1772545139999,41543.00000000,56039.33978000,504,19031.50000000,25672.52580000
1772545140000,1.34930000,1.34960000,1.34890000,1.34920000,1772545199999,23948.60000000,32311.68943000,465,10384.30000000,14010.50317000
1772545200000,1.34920000,1.34940000,1.34790000,1.34880000,1772545259999,146038.90000000,196939.57104000,728,21632.80000000,29173.51314000
1772545260000,1.34880000,1.34950000,1.34880000,1.34920000,1772545319999,23146.90000000,31229.45598000,323,12937.50000000,17455.13563000
1772545320000,1.34930000,1.34980000,1.34860000,1.34870000,1772545379999,27452.80000000,37045.92162000,405,10374.00000000,13997.98657000
1772545380000,1.34860000,1.34860000,1.34730000,1.34800000,1772545439999,85893.50000000,115758.18187000,486,26387.20000000,35564.62929000
1772545440000,1.34810000,1.34900000,1.34800000,1.34810000,1772545499999,30014.10000000,40476.71954000,538,12831.30000000,17303.07905000
1772545500000,1.34800000,1.34800000,1.34500000,1.34580000,1772545559999,180767.90000000,243306.04971000,1356,63959.50000000,86080.24892000
1772545560000,1.34590000,1.34720000,1.34510000,1.34510000,1772545619999,67562.70000000,90960.24565000,840,28556.60000000,38430.48563000
1772545620000,1.34510000,1.34550000,1.34380000,1.34440000,1772545679999,154696.10000000,208027.86180000,1148,77602.00000000,104354.31213000
1772545680000,1.34450000,1.34640000,1.34400000,1.34600000,1772545739999,99101.60000000,133307.80066000,1006,55020.60000000,74014.45962000
1772545740000,1.34590000,1.34590000,1.34390000,1.34460000,1772545799999,132133.00000000,177709.90211000,801,70130.20000000,94323.65101000
1772545800000,1.34470000,1.34650000,1.34460000,1.34620000,1772545859999,98558.50000000,132637.59709000,1156,43154.20000000,58080.17800000
1772545860000,1.34620000,1.34700000,1.34600000,1.34670000,1772545919999,27273.10000000,36727.36687000,463,18109.60000000,24388.72082000
1772545920000,1.34670000,1.34800000,1.34630000,1.34720000,1772545979999,97170.70000000,130869.34972000,1112,37293.80000000,50228.96094000
1772545980000,1.34730000,1.34850000,1.34680000,1.34840000,1772546039999,39008.40000000,52562.74208000,526,9666.60000000,13026.87080000
1772546040000,1.34830000,1.34830000,1.34660000,1.34730000,1772546099999,20143.50000000,27139.60874000,567,4924.70000000,6634.55312000
1772546100000,1.34720000,1.34720000,1.34640000,1.34650000,1772546159999,62833.10000000,84627.73688000,618,26364.00000000,35504.67131000
1772546160000,1.34650000,1.34700000,1.34560000,1.34690000,1772546219999,91970.30000000,123802.64340000,620,62749.70000000,84458.71735000
1772546220000,1.34690000,1.34800000,1.34670000,1.34770000,1772546279999,31773.70000000,42811.09052000,410,17217.70000000,23200.56896000
1772546280000,1.34760000,1.34840000,1.34740000,1.34800000,1772546339999,27073.30000000,36492.96038000,302,15015.30000000,20240.51881000
1772546340000,1.34810000,1.34910000,1.34810000,1.34850000,1772546399999,23112.70000000,31171.90864000,374,9453.10000000,12748.98418000
1772546400000,1.34840000,1.34920000,1.34820000,1.34910000,1772546459999,29771.30000000,40153.19970000,531,9307.50000000,12553.34188000
1772546460000,1.34910000,1.34930000,1.34700000,1.34760000,1772546519999,109189.20000000,147203.82572000,770,14540.30000000,19596.74326000
1772546520000,1.34760000,1.34920000,1.34660000,1.34920000,1772546579999,40714.20000000,54875.84342000,560,25328.00000000,34137.55773000
1772546580000,1.34910000,1.35070000,1.34860000,1.35020000,1772546639999,110320.40000000,148880.21270000,1251,79600.10000000,107430.29057000
1772546640000,1.35020000,1.35270000,1.34960000,1.35260000,1772546699999,162842.40000000,220023.63224000,1509,110778.50000000,149685.14524000
1772546700000,1.35260000,1.35260000,1.35130000,1.35130000,1772546759999,64149.20000000,86716.15355000,985,43484.10000000,58778.60261000
1772546760000,1.35130000,1.35290000,1.35130000,1.35140000,1772546819999,37963.20000000,51336.98534000,802,25502.20000000,34483.69044000
1772546820000,1.35140000,1.35190000,1.35110000,1.35130000,1772546879999,70315.90000000,95021.13964000,791,57493.80000000,77694.17835000
1772546880000,1.35120000,1.35360000,1.35100000,1.35360000,1772546939999,85791.00000000,115977.99153000,822,60083.80000000,81220.66717000
1772546940000,1.35370000,1.35370000,1.35270000,1.35270000,1772546999999,29867.60000000,40414.06693000,444,6627.40000000,8968.62206000
1772547000000,1.35270000,1.35270000,1.35040000,1.35060000,1772547059999,55985.30000000,75634.51341000,560,20935.70000000,28286.20344000
1772547060000,1.35070000,1.35110000,1.34960000,1.34970000,1772547119999,124563.00000000,168159.75914000,625,95948.60000000,129528.42043000
1772547120000,1.34970000,1.35160000,1.34950000,1.35160000,1772547179999,91672.70000000,123786.56703000,801,51640.30000000,69725.02954000
1772547180000,1.35160000,1.35160000,1.35040000,1.35060000,1772547239999,17672.20000000,23873.77935000,292,8020.20000000,10833.35802000
1772547240000,1.35060000,1.35170000,1.35060000,1.35130000,1772547299999,54165.80000000,73202.85178000,458,37041.40000000,50059.18831000
1772547300000,1.35120000,1.35130000,1.34990000,1.35000000,1772547359999,167041.80000000,225693.35574000,879,46235.70000000,62464.76636000
1772547360000,1.34990000,1.35040000,1.34900000,1.34910000,1772547419999,26829.70000000,36205.87696000,530,19493.50000000,26305.07570000
1772547420000,1.34910000,1.35110000,1.34860000,1.35110000,1772547479999,75903.30000000,102426.51571000,780,28201.90000000,38061.62301000
1772547480000,1.35100000,1.35160000,1.35030000,1.35150000,1772547539999,50552.20000000,68293.60983000,935,27230.40000000,36788.64339000
1772547540000,1.35160000,1.35180000,1.34970000,1.34970000,1772547599999,37468.70000000,50619.11024000,814,29975.40000000,40497.37847000
1772547600000,1.34980000,1.35120000,1.34950000,1.35050000,1772547659999,23929.40000000,32313.55112000,530,21590.80000000,29155.17637000
1772547660000,1.35050000,1.35050000,1.34980000,1.35020000,1772547719999,49018.80000000,66180.81937000,363,27751.60000000,37467.78404000
1772547720000,1.35030000,1.35450000,1.35030000,1.35310000,1772547779999,228834.50000000,309658.94776000,1497,169933.20000000,229943.43111000
1772547780000,1.35320000,1.35530000,1.35320000,1.35420000,1772547839999,94072.90000000,127376.99292000,1147,39857.20000000,53966.89143000
1772547840000,1.35420000,1.35510000,1.35270000,1.35270000,1772547899999,66817.30000000,90482.02226000,788,39287.60000000,53196.39297000
1772547900000,1.35260000,1.35350000,1.35250000,1.35280000,1772547959999,22118.50000000,29923.10016000,570,12419.40000000,16801.81537000
1772547960000,1.35280000,1.35440000,1.35280000,1.35370000,1772548019999,56829.40000000,76926.25496000,600,22747.20000000,30783.26671000
1772548020000,1.35370000,1.35430000,1.35330000,1.35350000,1772548079999,91064.60000000,123284.19533000,739,37881.80000000,51278.80972000
1772548080000,1.35350000,1.35370000,1.35220000,1.35350000,1772548139999,76418.50000000,103394.32758000,539,33987.10000000,45985.68082000
1772548140000,1.35350000,1.35360000,1.35300000,1.35330000,1772548199999,48296.90000000,65364.98269000,462,9651.70000000,13061.33626000
1772548200000,1.35320000,1.35880000,1.35230000,1.35870000,1772548259999,178448.20000000,241819.72856000,2848,96687.80000000,131014.64156000
1772548260000,1.35870000,1.36310000,1.35540000,1.35670000,1772548319999,241359.90000000,328163.95839000,4158,147090.20000000,199987.37713000
1772548320000,1.35670000,1.35790000,1.35490000,1.35570000,1772548379999,124380.40000000,168659.87627000,2115,58248.50000000,78982.58203000
1772548380000,1.35570000,1.35610000,1.34920000,1.35070000,1772548439999,207356.50000000,280123.18686000,2650,83947.30000000,113442.65394000
1772548440000,1.35080000,1.35360000,1.35020000,1.35100000,1772548499999,132193.20000000,178733.85780000,2036,64764.70000000,87570.04678000
1772548500000,1.35100000,1.35370000,1.34970000,1.35140000,1772548559999,115443.20000000,156061.35830000,2409,63982.70000000,86466.05167000
1772548560000,1.35150000,1.35470000,1.35030000,1.35330000,1772548619999,199477.40000000,269859.77588000,2910,94013.40000000,127145.44920000
1772548620000,1.35340000,1.35820000,1.35310000,1.35820000,1772548679999,163772.00000000,221854.01467000,2608,98021.80000000,132796.62465000
1772548680000,1.35820000,1.36210000,1.35610000,1.35620000,1772548739999,504196.40000000,685166.92093000,3555,334347.60000000,454215.98913000
1772548740000,1.35610000,1.35810000,1.35400000,1.35510000,1772548799999,168877.10000000,228904.67452000,2468,106316.10000000,144102.59252000
1772548800000,1.35500000,1.35600000,1.35070000,1.35110000,1772548859999,259205.50000000,350821.94278000,2451,101877.50000000,137967.44705000
1772548860000,1.35110000,1.35170000,1.34960000,1.34960000,1772548919999,382574.40000000,516611.53987000,2077,113551.90000000,153354.79451000
1772548920000,1.34970000,1.34970000,1.34300000,1.34310000,1772548979999,1041143.40000000,1400916.59032000,3520,479431.30000000,645277.36947000
1772548980000,1.34310000,1.34660000,1.34310000,1.34570000,1772549039999,388051.30000000,522090.67536000,2746,204940.00000000,275689.79581000
1772549040000,1.34570000,1.34570000,1.33840000,1.34130000,1772549099999,1341272.10000000,1797958.93393000,4090,231229.00000000,310241.42062000
1772549100000,1.34130000,1.34340000,1.33980000,1.34300000,1772549159999,430672.70000000,577561.62999000,2481,113263.90000000,151967.16211000
1772549160000,1.34290000,1.34680000,1.34280000,1.34580000,1772549219999,297258.40000000,399965.07732000,3061,146542.70000000,197166.54881000
1772549220000,1.34580000,1.34660000,1.34210000,1.34350000,1772549279999,217187.80000000,291860.04788000,2512,99278.80000000,133440.15329000
1772549280000,1.34350000,1.34620000,1.34260000,1.34320000,1772549339999,188297.40000000,253082.94469000,2280,74654.70000000,100327.41393000
1772549340000,1.34320000,1.34320000,1.33660000,1.34070000,1772549399999,1067229.10000000,1429939.80032000,4701,542630.70000000,727100.39487000
1772549400000,1.34070000,1.34450000,1.34000000,1.34380000,1772549459999,718359.00000000,964085.17771000,3418,353904.40000000,474964.30572000
1772549460000,1.34380000,1.34730000,1.34360000,1.34360000,1772549519999,315245.00000000,424064.52003000,3156,169745.80000000,228348.42781000
1772549520000,1.34360000,1.34580000,1.34320000,1.34550000,1772549579999,271080.70000000,364488.25192000,2653,139716.60000000,187858.21626000
1772549580000,1.34550000,1.35160000,1.34540000,1.35040000,1772549639999,408490.20000000,551320.06096000,3122,188965.90000000,255003.01613000
1772549640000,1.35050000,1.35300000,1.34830000,1.35260000,1772549699999,272872.30000000,368678.48599000,2939,153311.00000000,207154.15965000
1772549700000,1.35250000,1.35310000,1.35020000,1.35300000,1772549759999,268698.90000000,363247.73218000,2660,71293.50000000,96370.37125000
1772549760000,1.35290000,1.35290000,1.35000000,1.35000000,1772549819999,167424.00000000,226140.82711000,1736,54800.40000000,74025.22829000
1772549820000,1.35000000,1.35070000,1.34940000,1.35030000,1772549879999,110581.30000000,149297.46760000,1174,52768.10000000,71239.63961000
1772549880000,1.35020000,1.35030000,1.34740000,1.34770000,1772549939999,95574.90000000,128883.98113000,853,44661.60000000,60216.99820000
1772549940000,1.34760000,1.34770000,1.34680000,1.34680000,1772549999999,35253.70000000,47494.46949000,777,22174.50000000,29873.39653000
1772550000000,1.34670000,1.34930000,1.34640000,1.34640000,1772550059999,154542.20000000,208288.96171000,2480,65202.70000000,87880.13123000
1772550060000,1.34640000,1.34870000,1.34630000,1.34670000,1772550119999,114446.00000000,154142.95811000,1858,47725.50000000,64291.43063000
1772550120000,1.34660000,1.34780000,1.34550000,1.34620000,1772550179999,90124.30000000,121367.07416000,1383,72234.20000000,97282.20301000
1772550180000,1.34620000,1.34850000,1.34540000,1.34690000,1772550239999,309365.50000000,416486.33249000,2361,126078.20000000,169721.14796000
1772550240000,1.34700000,1.34720000,1.34330000,1.34590000,1772550299999,150096.10000000,202011.59412000,2055,78979.90000000,106294.14741000
1772550300000,1.34600000,1.34860000,1.34570000,1.34790000,1772550359999,135930.50000000,183089.13678000,1598,88856.60000000,119680.81017000
1772550360000,1.34800000,1.35180000,1.34670000,1.34810000,1772550419999,161422.70000000,217787.14631000,2657,73322.10000000,98952.70092000
1772550420000,1.34810000,1.34940000,1.34730000,1.34770000,1772550479999,84609.10000000,114083.13340000,1623,52041.20000000,70172.12523000
1772550480000,1.34770000,1.34780000,1.34500000,1.34560000,1772550539999,88392.20000000,118971.29428000,1767,58526.10000000,78779.29858000
1772550540000,1.34570000,1.35000000,1.34550000,1.34690000,1772550599999,115770.10000000,156105.11792000,2351,79396.90000000,107068.62541000
1772550600000,1.34690000,1.34730000,1.34440000,1.34480000,1772550659999,100080.30000000,134686.69069000,1985,66878.70000000,90006.79351000
1772550660000,1.34480000,1.34680000,1.34410000,1.34430000,1772550719999,73971.80000000,99520.12151000,1838,34848.60000000,46894.39463000
1772550720000,1.34430000,1.34880000,1.34390000,1.34580000,1772550779999,148394.30000000,199922.76269000,2286,38537.50000000,51890.74902000
1772550780000,1.34590000,1.34750000,1.34560000,1.34580000,1772550839999,178702.30000000,240591.37907000,1647,86273.90000000,116153.22446000
1772550840000,1.34580000,1.34880000,1.34580000,1.34820000,1772550899999,108694.90000000,146414.12077000,1429,41735.00000000,56218.55203000
1772550900000,1.34820000,1.35080000,1.34800000,1.34990000,1772550959999,159203.20000000,214905.26329000,1979,65916.10000000,88962.09732000
1772550960000,1.34980000,1.34980000,1.34560000,1.34680000,1772551019999,84207.00000000,113444.30955000,1086,22496.20000000,30299.18203000
1772551020000,1.34680000,1.34700000,1.34510000,1.34550000,1772551079999,62871.80000000,84613.70264000,695,19761.70000000,26594.79494000
1772551080000,1.34540000,1.34540000,1.34210000,1.34290000,1772551139999,191847.40000000,257893.44244000,1148,131694.80000000,177039.62151000
1772551140000,1.34290000,1.34300000,1.34180000,1.34180000,1772551199999,434706.40000000,583312.78652000,1001,24629.60000000,33059.39893000
1772551200000,1.34180000,1.34360000,1.33950000,1.34290000,1772551259999,2143607.70000000,2876018.54993000,3211,258001.10000000,346052.74229000
1772551260000,1.34280000,1.34310000,1.34110000,1.34210000,1772551319999,348107.00000000,467123.75219000,1544,126276.50000000,169434.31400000
1772551320000,1.34200000,1.34200000,1.34010000,1.34070000,1772551379999,340738.80000000,457009.70692000,1453,73550.40000000,98645.39058000
1772551380000,1.34070000,1.34490000,1.34050000,1.34490000,1772551439999,259237.90000000,348099.38893000,1563,139397.90000000,187166.27149000
1772551440000,1.34480000,1.34570000,1.34400000,1.34490000,1772551499999,240451.70000000,323316.30956000,1718,146767.70000000,197336.63993000
1772551500000,1.34490000,1.34690000,1.34410000,1.34480000,1772551559999,370031.70000000,497927.88132000,1821,117122.80000000,157594.06688000
1772551560000,1.34480000,1.34750000,1.34470000,1.34580000,1772551619999,117162.00000000,157716.32077000,1223,61974.30000000,83415.96102000
1772551620000,1.34580000,1.34620000,1.34490000,1.34600000,1772551679999,54844.70000000,73805.41515000,839,44895.20000000,60417.55122000
1772551680000,1.34590000,1.34590000,1.34440000,1.34470000,1772551739999,104106.60000000,140023.52044000,926,54450.10000000,73229.98721000
1772551740000,1.34470000,1.34480000,1.34370000,1.34450000,1772551799999,113797.50000000,152948.31108000,852,42311.10000000,56869.55651000
1772551800000,1.34450000,1.34660000,1.34430000,1.34520000,1772551859999,120192.90000000,161745.07854000,2137,77699.10000000,104554.21952000
1772551860000,1.34520000,1.35270000,1.34500000,1.35160000,1772551919999,440777.00000000,595042.25703000,3758,316421.60000000,427196.92597000
1772551920000,1.35150000,1.35340000,1.35020000,1.35090000,1772551979999,192844.60000000,260666.82428000,1998,142597.90000000,192761.14896000
1772551980000,1.35090000,1.35180000,1.35010000,1.35060000,1772552039999,63190.20000000,85372.50092000,1185,41641.90000000,56254.35110000
1772552040000,1.35050000,1.35150000,1.34930000,1.35030000,1772552099999,60093.50000000,81160.35985000,1279,32342.40000000,43683.52638000
1772552100000,1.35040000,1.35150000,1.34920000,1.35090000,1772552159999,74454.00000000,100555.39801000,1497,63218.00000000,85381.22286000
1772552160000,1.35080000,1.35460000,1.34950000,1.35420000,1772552219999,155124.20000000,209775.90035000,2079,112764.20000000,152506.97642000
1772552220000,1.35410000,1.35460000,1.35140000,1.35260000,1772552279999,58251.80000000,78839.20851000,1228,35769.80000000,48417.80446000
1772552280000,1.35260000,1.35390000,1.35190000,1.35370000,1772552339999,109916.80000000,148705.44056000,1391,69595.10000000,94156.31363000
1772552340000,1.35370000,1.35780000,1.35370000,1.35770000,1772552399999,163519.90000000,221720.45454000,2307,103191.10000000,139922.99531000
1772552400000,1.35770000,1.36020000,1.35610000,1.35940000,1772552459999,100418.20000000,136397.84287000,2142,76355.80000000,103716.49351000
1772552460000,1.35940000,1.36280000,1.35910000,1.35930000,1772552519999,511271.60000000,696073.39359000,2874,309942.20000000,421964.42845000
1772552520000,1.35920000,1.36090000,1.35920000,1.36090000,1772552579999,83996.00000000,114264.17709000,1479,50438.20000000,68613.46217000
1772552580000,1.36080000,1.36080000,1.35630000,1.35630000,1772552639999,128837.90000000,174984.85852000,1561,32990.60000000,44827.09557000
1772552640000,1.35630000,1.35700000,1.35510000,1.35650000,1772552699999,145630.30000000,197457.33643000,1216,47910.90000000,64970.00294000
1772552700000,1.35650000,1.35850000,1.35650000,1.35810000,1772552759999,139889.60000000,189902.60835000,1527,64269.80000000,87254.33428000
1772552760000,1.35800000,1.36100000,1.35720000,1.35770000,1772552819999,209498.10000000,284697.29653000,1569,51121.80000000,69489.38643000
1772552820000,1.35770000,1.36100000,1.35710000,1.35990000,1772552879999,171681.80000000,233395.44808000,1823,87992.40000000,119613.53635000
1772552880000,1.35990000,1.36210000,1.35900000,1.36060000,1772552939999,133002.80000000,181009.78451000,1585,91399.30000000,124393.19758000
1772552940000,1.36050000,1.36210000,1.35910000,1.36210000,1772552999999,171296.40000000,232979.14365000,1579,68182.80000000,92722.48041000
1772553000000,1.36210000,1.36250000,1.35940000,1.36230000,1772553059999,147435.70000000,200731.50504000,1520,39555.80000000,53850.79979000
1772553060000,1.36230000,1.36340000,1.36150000,1.36320000,1772553119999,182002.80000000,247947.68041000,1084,103439.20000000,140905.65576000
1772553120000,1.36310000,1.36560000,1.36280000,1.36380000,1772553179999,392936.70000000,536181.51362000,1706,156204.80000000,213155.55742000
1772553180000,1.36380000,1.36450000,1.36030000,1.36040000,1772553239999,86880.00000000,118382.82705000,1091,31610.60000000,43083.51569000
1772553240000,1.36040000,1.36040000,1.35890000,1.35990000,1772553299999,76939.40000000,104604.63263000,741,24220.80000000,32927.83078000
1772553300000,1.36000000,1.36070000,1.35970000,1.36050000,1772553359999,73419.60000000,99864.29154000,726,49134.90000000,66831.07265000
1772553360000,1.36050000,1.36280000,1.36040000,1.36120000,1772553419999,156602.80000000,213183.22466000,1135,119850.40000000,163137.79188000
1772553420000,1.36130000,1.36230000,1.36050000,1.36140000,1772553479999,65486.20000000,89149.30357000,1162,25825.10000000,35154.97709000
1772553480000,1.36150000,1.36400000,1.36150000,1.36380000,1772553539999,68420.00000000,93245.27870000,974,52435.20000000,71461.57397000
1772553540000,1.36370000,1.36550000,1.36350000,1.36460000,1772553599999,79921.60000000,109072.91860000,1006,34524.80000000,47116.78447000
1772553600000,1.36460000,1.36540000,1.36330000,1.36340000,1772553659999,288013.60000000,393041.06798000,1434,198719.60000000,271220.46709000
1772553660000,1.36340000,1.36600000,1.36250000,1.36270000,1772553719999,231738.00000000,316153.45991000,1606,103601.90000000,141355.71449000
1772553720000,1.36260000,1.36310000,1.36060000,1.36060000,1772553779999,209838.10000000,285823.46661000,1433,63685.30000000,86754.82529000
1772553780000,1.36070000,1.36450000,1.36050000,1.36420000,1772553839999,281824.00000000,384010.46861000,1723,127467.10000000,173712.37143000
1772553840000,1.36420000,1.36850000,1.36370000,1.36850000,1772553899999,454750.60000000,621452.98553000,2322,229636.40000000,313714.60994000
1772553900000,1.36860000,1.37290000,1.36860000,1.37240000,1772553959999,665434.90000000,911745.80649000,3288,405742.10000000,555948.81378000
1772553960000,1.37240000,1.37460000,1.37230000,1.37380000,1772554019999,491464.90000000,674879.29308000,2395,262590.70000000,360597.64117000
1772554020000,1.37380000,1.37500000,1.37260000,1.37410000,1772554079999,545097.20000000,748870.17558000,2458,166241.80000000,228390.09034000
1772554080000,1.37410000,1.37530000,1.37290000,1.37500000,1772554139999,174844.40000000,240246.43469000,1589,90057.30000000,123747.36290000
1772554140000,1.37490000,1.38160000,1.37490000,1.38130000,1772554199999,586295.80000000,808250.40641000,3040,348309.70000000,480185.83469000
1772554200000,1.38130000,1.38210000,1.37750000,1.37750000,1772554259999,494978.70000000,683298.37443000,2522,122242.30000000,168744.78018000
1772554260000,1.37750000,1.37760000,1.37580000,1.37730000,1772554319999,187482.90000000,258080.28402000,1370,131803.10000000,181420.41640000
1772554320000,1.37730000,1.37780000,1.37300000,1.37310000,1772554379999,278346.90000000,382852.20743000,1861,88476.70000000,121749.53672000
1772554380000,1.37300000,1.37560000,1.37130000,1.37530000,1772554439999,183484.80000000,252025.97027000,1802,76554.70000000,105158.25418000
1772554440000,1.37530000,1.37640000,1.37400000,1.37600000,1772554499999,263324.20000000,362291.85610000,1061,77618.70000000,106783.60251000
1772554500000,1.37600000,1.38030000,1.37600000,1.37660000,1772554559999,376905.10000000,519435.10433000,2176,149461.70000000,205994.73142000
1772554560000,1.37660000,1.37670000,1.37380000,1.37530000,1772554619999,178799.60000000,245902.10105000,1394,86559.20000000,119079.73824000
1772554620000,1.37530000,1.37730000,1.37530000,1.37570000,1772554679999,80120.50000000,110258.35762000,1296,55187.20000000,75949.26990000
1772554680000,1.37570000,1.37830000,1.37490000,1.37500000,1772554739999,156051.40000000,214795.28804000,1753,79681.30000000,109690.87842000
1772554740000,1.37510000,1.37560000,1.37330000,1.37520000,1772554799999,90705.50000000,124641.93754000,1229,49803.80000000,68440.82109000
1772554800000,1.37520000,1.37640000,1.37410000,1.37620000,1772554859999,493605.30000000,678838.30533000,2041,137846.90000000,189527.72103000
1772554860000,1.37630000,1.37680000,1.37470000,1.37640000,1772554919999,219247.20000000,301584.58800000,1503,125647.30000000,172830.85507000
1772554920000,1.37640000,1.37760000,1.37530000,1.37580000,1772554979999,228003.20000000,313780.34803000,1447,99683.20000000,137185.38281000
1772554980000,1.37570000,1.37930000,1.37500000,1.37910000,1772555039999,165433.00000000,227902.10681000,1471,56298.70000000,77545.45227000
1772555040000,1.37920000,1.38590000,1.37920000,1.38570000,1772555099999,774262.90000000,1070496.10514000,3708,359102.50000000,496517.49263000
1772555100000,1.38570000,1.38670000,1.38460000,1.38590000,1772555159999,384098.00000000,532405.22619000,2684,187555.70000000,259986.17812000
1772555160000,1.38590000,1.38710000,1.38430000,1.38600000,1772555219999,363506.90000000,503738.61464000,2455,166718.40000000,230991.89507000
1772555220000,1.38590000,1.38770000,1.38300000,1.38300000,1772555279999,1168590.80000000,1619942.22718000,2601,877784.30000000,1216990.70286000
1772555280000,1.38310000,1.38370000,1.38220000,1.38310000,1772555339999,264243.80000000,365493.65966000,1585,121401.10000000,167920.56183000
1772555340000,1.38300000,1.38320000,1.38170000,1.38220000,1772555399999,125316.10000000,173249.77326000,1191,24284.00000000,33570.52988000
1772555400000,1.38220000,1.38220000,1.37900000,1.37990000,1772555459999,169393.80000000,233907.12729000,1797,108707.20000000,150144.73737000
1772555460000,1.37990000,1.37990000,1.37770000,1.37770000,1772555519999,157979.20000000,217826.07672000,1185,59075.00000000,81459.32906000
1772555520000,1.37780000,1.37780000,1.37270000,1.37480000,1772555579999,212749.10000000,292373.27946000,2205,72455.80000000,99578.51821000
1772555580000,1.37480000,1.37520000,1.37000000,1.37000000,1772555639999,165997.20000000,227668.88970000,1644,36014.80000000,49416.13119000
1772555640000,1.37010000,1.37210000,1.37000000,1.37110000,1772555699999,261862.80000000,359004.56152000,1474,159699.30000000,218980.74118000
1772555700000,1.37110000,1.37310000,1.37060000,1.37060000,1772555759999,127899.80000000,175441.43745000,1100,58192.70000000,79829.76593000
1772555760000,1.37070000,1.37080000,1.36830000,1.36920000,1772555819999,138464.10000000,189627.19841000,1443,54329.30000000,74382.23123000
1772555820000,1.36930000,1.37040000,1.36550000,1.36550000,1772555879999,218803.20000000,299456.70849000,2132,144296.30000000,197609.95964000
1772555880000,1.36550000,1.36550000,1.35990000,1.36210000,1772555939999,453319.00000000,617489.69120000,4170,157846.10000000,214957.13641000
1772555940000,1.36200000,1.36360000,1.36110000,1.36240000,1772555999999,123043.10000000,167622.95847000,1704,33723.10000000,45937.08641000
1772556000000,1.36240000,1.36240000,1.35910000,1.36220000,1772556059999,147479.10000000,200710.95081000,2237,62328.10000000,84836.28683000
1772556060000,1.36230000,1.36350000,1.36120000,1.36160000,1772556119999,58705.40000000,79995.16792000,1454,35676.60000000,48620.76019000
1772556120000,1.36150000,1.36150000,1.35560000,1.35700000,1772556179999,272612.90000000,369994.28761000,2299,101776.50000000,138095.91720000
1772556180000,1.35700000,1.35850000,1.35480000,1.35720000,1772556239999,249515.60000000,338500.94122000,2631,93714.80000000,127164.28994000
1772556240000,1.35730000,1.36150000,1.35730000,1.36140000,1772556299999,103633.40000000,140911.84711000,1325,71012.00000000,96568.69631000
1772556300000,1.36140000,1.36460000,1.36050000,1.36460000,1772556359999,214024.80000000,291641.58255000,1899,151121.40000000,205973.68341000
1772556360000,1.36460000,1.37020000,1.36420000,1.36850000,1772556419999,229941.90000000,314117.38403000,2627,176925.10000000,241639.19694000
1772556420000,1.36840000,1.36960000,1.36600000,1.36820000,1772556479999,278853.70000000,381436.87281000,2307,163999.40000000,224299.73454000
1772556480000,1.36810000,1.37000000,1.36600000,1.37000000,1772556539999,122584.60000000,167625.51646000,1575,76224.00000000,104249.19604000
1772556540000,1.37010000,1.37040000,1.36720000,1.36990000,1772556599999,218190.80000000,298599.75776000,1706,132277.50000000,181023.76016000
1772556600000,1.37000000,1.37130000,1.36740000,1.36990000,1772556659999,128635.70000000,176195.19213000,2016,91894.40000000,125890.35165000
1772556660000,1.37000000,1.37060000,1.36850000,1.36890000,1772556719999,72834.30000000,99744.37009000,1472,40763.10000000,55822.15713000
1772556720000,1.36900000,1.37160000,1.36900000,1.37030000,1772556779999,73191.00000000,100331.78619000,1203,33370.50000000,45742.68202000
1772556780000,1.37030000,1.37170000,1.36920000,1.37140000,1772556839999,130212.90000000,178410.52123000,1292,56225.00000000,77043.73856000
1772556840000,1.37150000,1.37300000,1.37020000,1.37200000,1772556899999,146476.10000000,200941.51968000,1601,97625.60000000,133940.15214000
1772556900000,1.37200000,1.37320000,1.37130000,1.37270000,1772556959999,105087.90000000,144206.85625000,1377,31558.50000000,43310.03133000
1772556960000,1.37270000,1.37470000,1.37080000,1.37440000,1772557019999,155587.60000000,213583.74804000,1444,106028.10000000,145569.67713000
1772557020000,1.37440000,1.37480000,1.37080000,1.37130000,1772557079999,125988.80000000,172967.90218000,1251,27009.30000000,37091.04419000
1772557080000,1.37140000,1.37220000,1.37000000,1.37010000,1772557139999,64290.30000000,88174.23011000,1018,33467.30000000,45899.87040000
1772557140000,1.37020000,1.37030000,1.36850000,1.36890000,1772557199999,60680.80000000,83081.41088000,884,27047.60000000,37031.36721000
1772557200000,1.36890000,1.37020000,1.36680000,1.36730000,1772557259999,88935.40000000,121780.86747000,1330,56015.00000000,76710.13514000
1772557260000,1.36730000,1.36760000,1.36370000,1.36420000,1772557319999,58440.60000000,79774.67915000,1096,29657.00000000,40470.16629000
1772557320000,1.36420000,1.36470000,1.36210000,1.36470000,1772557379999,74258.00000000,101208.16901000,1155,42273.40000000,57616.16361000
1772557380000,1.36480000,1.36490000,1.36030000,1.36130000,1772557439999,213232.30000000,290509.15657000,1440,120682.40000000,164467.53935000
1772557440000,1.36130000,1.36260000,1.36120000,1.36210000,1772557499999,60459.30000000,82341.48284000,894,39992.70000000,54467.47016000
1772557500000,1.36210000,1.36390000,1.36210000,1.36350000,1772557559999,27435.10000000,37388.30825000,760,19363.50000000,26388.50316000
1772557560000,1.36350000,1.36400000,1.36100000,1.36140000,1772557619999,48160.90000000,65628.93426000,940,26600.90000000,36256.81641000
1772557620000,1.36140000,1.36250000,1.36030000,1.36110000,1772557679999,71984.00000000,98011.09985000,1156,39539.50000000,53834.26012000
1772557680000,1.36110000,1.36120000,1.35980000,1.35980000,1772557739999,149618.10000000,203565.47014000,814,92340.10000000,125636.78922000
1772557740000,1.35970000,1.36000000,1.35730000,1.35790000,1772557799999,160584.20000000,218140.21847000,1320,43854.50000000,59569.09976000
1772557800000,1.35780000,1.35890000,1.35610000,1.35650000,1772557859999,93843.80000000,127394.38837000,1436,48076.10000000,65259.84706000
1772557860000,1.35660000,1.35800000,1.35400000,1.35530000,1772557919999,128834.20000000,174715.26794000,1707,61926.70000000,84013.79878000
1772557920000,1.35530000,1.35740000,1.35330000,1.35640000,1772557979999,154810.20000000,209737.87732000,1583,84610.80000000,114638.77725000
1772557980000,1.35650000,1.35770000,1.35640000,1.35700000,1772558039999,41903.20000000,56865.16797000,902,15197.50000000,20624.25761000
1772558040000,1.35700000,1.36010000,1.35690000,1.35960000,1772558099999,114927.40000000,156171.31730000,875,89069.50000000,121030.02830000
1772558100000,1.35970000,1.35990000,1.35840000,1.35870000,1772558159999,75234.00000000,102245.54992000,995,30186.30000000,41029.48935000
1772558160000,1.35880000,1.36020000,1.35790000,1.35810000,1772558219999,66828.90000000,90837.26814000,1194,41048.90000000,55796.58467000
1772558220000,1.35810000,1.35960000,1.35780000,1.35900000,1772558279999,50546.20000000,68680.39967000,814,17717.80000000,24070.99689000
1772558280000,1.35900000,1.36070000,1.35750000,1.36040000,1772558339999,58751.60000000,79885.12837000,955,52844.70000000,71859.35741000
1772558340000,1.36050000,1.36200000,1.36040000,1.36150000,1772558399999,106055.60000000,144321.91228000,750,24366.80000000,33165.92014000
1772558400000,1.36150000,1.36220000,1.35780000,1.35890000,1772558459999,90286.10000000,122804.97545000,1185,43167.60000000,58712.73319000
1772558460000,1.35880000,1.36000000,1.35810000,1.36000000,1772558519999,42411.60000000,57637.65826000,758,23078.80000000,31364.23071000
1772558520000,1.36000000,1.36460000,1.35910000,1.36380000,1772558579999,147930.30000000,201468.31639000,1179,113840.60000000,155036.18981000
1772558580000,1.36380000,1.36570000,1.36380000,1.36440000,1772558639999,157519.50000000,215023.16868000,1092,50287.20000000,68639.78578000
1772558640000,1.36430000,1.36480000,1.36330000,1.36480000,1772558699999,43996.60000000,60013.96071000,449,19964.70000000,27233.95672000
1772558700000,1.36470000,1.36500000,1.36360000,1.36390000,1772558759999,39767.40000000,54252.29334000,626,13346.10000000,18208.76294000
1772558760000,1.36380000,1.36380000,1.36160000,1.36170000,1772558819999,38017.10000000,51804.13605000,588,7880.50000000,10737.60804000
1772558820000,1.36170000,1.36270000,1.35990000,1.36150000,1772558879999,93971.90000000,127882.23302000,638,47594.50000000,64774.84579000
1772558880000,1.36160000,1.36260000,1.36150000,1.36220000,1772558939999,37843.20000000,51548.23086000,420,30018.20000000,40888.07694000
1772558940000,1.36230000,1.36340000,1.36220000,1.36310000,1772558999999,22537.40000000,30717.04889000,352,18492.30000000,25203.11659000
1772559000000,1.36300000,1.36310000,1.36000000,1.36120000,1772559059999,63345.80000000,86205.46246000,746,37848.10000000,51501.76847000
1772559060000,1.36120000,1.36160000,1.35850000,1.35850000,1772559119999,49735.80000000,67631.96613000,798,27941.10000000,37992.33358000
1772559120000,1.35840000,1.35840000,1.35620000,1.35640000,1772559179999,106992.60000000,145245.57382000,948,22395.70000000,30402.02816000
1772559180000,1.35650000,1.35710000,1.35480000,1.35540000,1772559239999,139895.10000000,189617.61808000,740,45682.40000000,61931.73614000
1772559240000,1.35540000,1.35750000,1.35420000,1.35730000,1772559299999,31550.80000000,42763.49767000,572,7762.30000000,10525.44667000
1772559300000,1.35720000,1.35730000,1.35520000,1.35710000,1772559359999,16727.50000000,22685.09250000,701,6279.20000000,8516.66825000
1772559360000,1.35700000,1.35970000,1.35620000,1.35970000,1772559419999,45427.50000000,61697.58160000,776,21710.40000000,29488.26935000
1772559420000,1.35960000,1.36020000,1.35860000,1.35970000,1772559479999,39159.30000000,53222.04187000,676,18766.90000000,25505.97348000
1772559480000,1.35960000,1.35990000,1.35840000,1.35860000,1772559539999,15169.30000000,20614.67272000,451,6247.60000000,8490.97513000
1772559540000,1.35850000,1.36080000,1.35850000,1.35910000,1772559599999,42415.20000000,57674.01759000,641,28646.10000000,38953.24354000
1772559600000,1.35920000,1.36000000,1.35860000,1.35950000,1772559659999,28225.20000000,38365.32514000,578,15103.40000000,20525.62582000
1772559660000,1.35950000,1.36170000,1.35930000,1.35980000,1772559719999,44644.50000000,60726.38149000,575,35227.00000000,47916.42439000
1772559720000,1.35980000,1.36060000,1.35980000,1.36050000,1772559779999,71969.70000000,97908.09135000,266,4602.00000000,6260.20058000
1772559780000,1.36040000,1.36330000,1.36040000,1.36310000,1772559839999,53362.40000000,72667.22667000,585,25817.60000000,35163.69393000
1772559840000,1.36300000,1.36350000,1.36280000,1.36310000,1772559899999,52336.80000000,71346.57859000,347,32351.70000000,44103.32010000
1772559900000,1.36320000,1.36360000,1.36260000,1.36290000,1772559959999,38251.70000000,52137.66028000,490,8745.90000000,11923.17463000
1772559960000,1.36280000,1.36280000,1.36070000,1.36130000,1772560019999,27380.50000000,37287.03186000,318,13002.30000000,17706.70657000
1772560020000,1.36140000,1.36350000,1.36140000,1.36290000,1772560079999,40726.50000000,55488.56432000,503,17100.60000000,23297.79101000
1772560080000,1.36300000,1.36650000,1.36290000,1.36630000,1772560139999,69595.70000000,94956.41497000,622,53728.20000000,73309.10039000
1772560140000,1.36630000,1.37000000,1.36630000,1.36790000,1772560199999,227456.30000000,311425.04523000,1420,175429.30000000,240222.09048000
1772560200000,1.36790000,1.36940000,1.36760000,1.36870000,1772560259999,28595.10000000,39133.04679000,523,11281.10000000,15440.94086000
1772560260000,1.36870000,1.37050000,1.36870000,1.37020000,1772560319999,133466.40000000,182819.21964000,419,107286.10000000,146963.40813000
1772560320000,1.37010000,1.37100000,1.36950000,1.37070000,1772560379999,37003.60000000,50708.63968000,589,12449.10000000,17060.54746000
1772560380000,1.37070000,1.37090000,1.36870000,1.36910000,1772560439999,22825.30000000,31262.13790000,512,7955.70000000,10897.54873000
1772560440000,1.36910000,1.36980000,1.36780000,1.36830000,1772560499999,41738.50000000,57128.97339000,637,8322.10000000,11391.87560000
1772560500000,1.36840000,1.36890000,1.36620000,1.36790000,1772560559999,49591.50000000,67813.84215000,530,29137.40000000,39847.21863000
1772560560000,1.36790000,1.36970000,1.36740000,1.36860000,1772560619999,52703.80000000,72135.99771000,468,16273.10000000,22277.02778000
1772560620000,1.36860000,1.36990000,1.36860000,1.36900000,1772560679999,41054.40000000,56221.31031000,300,31662.60000000,43361.04092000
1772560680000,1.36900000,1.36930000,1.36780000,1.36820000,1772560739999,47111.70000000,64484.54834000,336,9168.30000000,12547.47390000
1772560740000,1.36810000,1.36970000,1.36810000,1.36930000,1772560799999,5977.30000000,8183.76748000,217,3461.30000000,4738.88722000
1772560800000,1.36930000,1.37130000,1.36930000,1.37130000,1772560859999,52020.10000000,71297.75809000,402,24892.80000000,34116.12304000
1772560860000,1.37140000,1.37260000,1.37110000,1.37210000,1772560919999,37846.20000000,51914.27810000,502,21707.10000000,29773.81884000
1772560920000,1.37200000,1.37220000,1.37070000,1.37110000,1772560979999,131794.20000000,180729.04705000,434,13742.10000000,18842.99380000
1772560980000,1.37110000,1.37110000,1.36850000,1.36860000,1772561039999,134611.70000000,184294.55027000,772,48688.40000000,66651.92719000
1772561040000,1.36860000,1.36900000,1.36810000,1.36850000,1772561099999,49976.50000000,68401.10601000,358,39703.90000000,54341.24092000
1772561100000,1.36860000,1.37000000,1.36830000,1.36830000,1772561159999,252099.30000000,345305.12859000,724,188693.70000000,258478.38256000
1772561160000,1.36840000,1.36890000,1.36780000,1.36830000,1772561219999,84722.60000000,115948.05935000,562,45709.70000000,62558.66517000
1772561220000,1.36820000,1.36900000,1.36660000,1.36790000,1772561279999,805703.50000000,1102088.58365000,931,65395.10000000,89485.04866000
1772561280000,1.36790000,1.36810000,1.36630000,1.36780000,1772561339999,69305.80000000,94751.08419000,571,16743.80000000,22893.14833000
1772561340000,1.36780000,1.36780000,1.36650000,1.36720000,1772561399999,38130.70000000,52125.47919000,310,11041.30000000,15092.69471000
1772561400000,1.36710000,1.36720000,1.36610000,1.36640000,1772561459999,32255.30000000,44082.48876000,310,9022.10000000,12328.49837000
1772561460000,1.36650000,1.36690000,1.36210000,1.36210000,1772561519999,151941.60000000,207379.89644000,1045,22301.60000000,30452.01230000
1772561520000,1.36220000,1.36310000,1.36210000,1.36280000,1772561579999,33590.50000000,45775.94088000,515,22903.50000000,31211.59442000
1772561580000,1.36290000,1.36290000,1.36090000,1.36090000,1772561639999,229031.40000000,312002.41306000,575,15911.30000000,21668.96536000
1772561640000,1.36090000,1.36300000,1.36040000,1.36260000,1772561699999,37630.80000000,51258.83892000,692,19912.80000000,27130.41953000
1772561700000,1.36260000,1.36670000,1.36260000,1.36590000,1772561759999,59321.20000000,80953.10450000,806,51257.90000000,69941.90705000
1772561760000,1.36600000,1.36870000,1.36600000,1.36870000,1772561819999,35187.10000000,48118.69030000,727,11677.20000000,15971.78003000
1772561820000,1.36870000,1.37000000,1.36860000,1.37000000,1772561879999,222115.50000000,304221.25362000,901,180716.10000000,247530.50915000
1772561880000,1.36990000,1.37050000,1.36840000,1.36880000,1772561939999,313691.80000000,429728.18478000,534,25571.70000000,35017.67403000
1772561940000,1.36880000,1.36920000,1.36740000,1.36880000,1772561999999,29918.70000000,40922.75150000,534,10278.10000000,14060.37193000
1772562000000,1.36880000,1.37070000,1.36880000,1.37060000,1772562059999,96112.70000000,131676.83272000,637,38108.70000000,52205.65807000
1772562060000,1.37060000,1.37240000,1.37060000,1.37150000,1772562119999,144201.90000000,197789.16470000,844,102137.30000000,140084.87281000
1772562120000,1.37140000,1.37290000,1.37140000,1.37260000,1772562179999,111018.50000000,152356.71112000,616,56630.70000000,77711.42737000
1772562180000,1.37270000,1.37270000,1.37120000,1.37130000,1772562239999,40717.60000000,55851.73255000,354,22672.10000000,31099.14910000
1772562240000,1.37140000,1.37160000,1.37060000,1.37070000,1772562299999,55111.70000000,75564.67134000,455,23497.00000000,32216.91395000
1772562300000,1.37080000,1.37180000,1.36910000,1.37060000,1772562359999,1002332.50000000,1373352.75016000,1409,805756.60000000,1103978.70011000
1772562360000,1.37060000,1.37280000,1.37060000,1.37210000,1772562419999,50220.80000000,68915.65719000,531,18043.50000000,24756.62727000
